File Name,488 Laser Power,638 Laser Power,Absence Of Excessive Cell Death,Absence Of Migrating Cells Coming From Colony Out Of FOV At Time Of Migration,All Cells Mask File Download,All Cells Mask URL,All Cells Mask Web Viewer,Binning,Camera Alignment Matrix,Cell Line,Channel Number 488 In raw_converted,Channel Number 638 In raw_converted,Channel Number Brightfield In raw_converted,Clone,CollagenIV Ground Truth Segmentation File Download,CollagenIV Segmentation Mesh Folder,CollagenIV Segmentation Probability File Download,CollagenIV Segmentation Probability URL,CollagenIV Segmentation Probability Web Viewer,Content Of Channel 0,Content Of Channel 1,Content Of Channel 2,Culture Media,CytoGFP Ground Truth Segmentation File Download,Date Of Plate Seeding,Dimensions Of Raw Images,ECM In Media,EMT Inducer,EOMES Nuclear Segmentation File Download,EOMES Nuclear Segmentation URL,EOMES Nuclear Segmentation Web Viewer,Experimental Condition,Exposure Time,File Path,Fluorescent Protein,Gene,Glass Coating,H2B Nuclear Segmentation File Download,H2B Nuclear Segmentation URL,H2B Nuclear Segmentation Web Viewer,Image Size C,Image Size T,Image Size X,Image Size Y,Image Size Z,Imaging Start Time,Instrument,Lumneoid Induction,Matrigel Lot,Movie ID,Objective,Pixel Size X,Pixel Size Y,Pixel Size Z (Actual),Pixel Size Z (Nominal),Plate Barcode,Position Index,Presence Of Migration,Protein,Raw Converted And All Segmentation Overlay Web Viewer,Raw Converted File Download,Raw Converted URL,Raw Converted Web Viewer,Scene Index,Single Colony Or Lumenoid At Time of Migration,Structure,Time Of Solutions Addition,Timelapse Interval,Timepoints Used For Basement Membrane Segmentation Training,Timepoints Used For Basement Membrane Segmentation Validation,Total Time Duration,Used For,Well Label
3500006256_19_raw_converted,0.77mW,0.8mW,TRUE,TRUE,s3://allencell/aics/emt_timelapse_dataset/data/3500006256_19_all_cells_mask.ome.zarr,https://allencell.s3.amazonaws.com/aics/emt_timelapse_dataset/data/3500006256_19_all_cells_mask.ome.zarr,https://volumeviewer.allencell.org/viewer?url=https%3A%2F%2Fallencell.s3.amazonaws.com%2Faics%2Femt_timelapse_dataset%2Fdata%2F3500006256_19_all_cells_mask.ome.zarr,1x1,"[[ 0.99925131  0.00142929 -1.09224837]
 [-0.00142929  0.99925131  0.13566399]
 [ 0.          0.          1.        ]]",AICS-0061,1,2,0,36,,s3://allencell/aics/emt_timelapse_dataset/data/3500006256_19_collagenIV_segmentation_mesh,s3://allencell/aics/emt_timelapse_dataset/data/3500006256_19_collagenIV_segmentation_probability.ome.zarr,https://allencell.s3.amazonaws.com/aics/emt_timelapse_dataset/data/3500006256_19_collagenIV_segmentation_probability.ome.zarr,https://volumeviewer.allencell.org/viewer?url=https%3A%2F%2Fallencell.s3.amazonaws.com%2Faics%2Femt_timelapse_dataset%2Fdata%2F3500006256_19_collagenIV_segmentation_probability.ome.zarr,Bright-field,mEGFP,CollagenIV,RPMI+B27 minus insulin ,,Mon Feb 19 2024,TCZYX,Matrigel at 1:60 in culture media,5uM CHIR in culture media,,,,3D lumenoid EMT,50ms,https://allencell.s3.amazonaws.com/aics/emt_timelapse_dataset/data/3500006256_19_raw_converted.ome.zarr,mEGFP,HIST1H2BJ,Diluted Matrigel + DMEM/F12,s3://allencell/aics/emt_timelapse_dataset/data/3500006256_19_H2B_nuclear_segmentation.ome.zarr,https://allencell.s3.amazonaws.com/aics/emt_timelapse_dataset/data/3500006256_19_H2B_nuclear_segmentation.ome.zarr,https://volumeviewer.allencell.org/viewer?url=https%3A%2F%2Fallencell.s3.amazonaws.com%2Faics%2Femt_timelapse_dataset%2Fdata%2F3500006256_19_H2B_nuclear_segmentation.ome.zarr,3,121,1848,1248,30,Feb 23 2024 13H02,ZSD-0,two days prior to imaging,Lot 3119527,3500006256_19,20x/0.80,0.271,0.271,2.88,2,3500006256,16,TRUE,histone H2B type 1-J,"https://volumeviewer.allencell.org/viewer?url=https%3A%2F%2Fallencell.s3.amazonaws.com%2Faics%2Femt_timelapse_dataset%2Fdata%2F3500006256_19_raw_converted.ome.zarr,https%3A%2F%2Fallencell.s3.amazonaws.com%2Faics%2Femt_timelapse_dataset%2Fdata%2F3500006256_19_all_cells_mask.ome.zarr,https%3A%2F%2Fallencell.s3.amazonaws.com%2Faics%2Femt_timelapse_dataset%2Fdata%2F3500006256_19_H2B_nuclear_segmentation.ome.zarr,https%3A%2F%2Fallencell.s3.amazonaws.com%2Faics%2Femt_timelapse_dataset%2Fdata%2F3500006256_19_collagenIV_segmentation_probability.ome.zarr&t=24&mode=maxproject&c0=lut:0:autoij,ven:0&c1=lut:0:autoij,ven:1&c2=lut:0:autoij,ven:1,col:bd10e0&c3&c4&c5",s3://allencell/aics/emt_timelapse_dataset/data/3500006256_19_raw_converted.ome.zarr,https://allencell.s3.amazonaws.com/aics/emt_timelapse_dataset/data/3500006256_19_raw_converted.ome.zarr,"https://volumeviewer.allencell.org/viewer?url=https%3A%2F%2Fallencell.s3.amazonaws.com%2Faics%2Femt_timelapse_dataset%2Fdata%2F3500006256_19_raw_converted.ome.zarr&t=24&mode=maxproject&c0=lut:0:autoij,ven:0&c1=lut:0:autoij,ven:1&c2=lut:0:autoij,ven:1,col:bd10e0",19,TRUE,heterochromatin,Feb 23 2024 12H25,30 minutes,,,2D 12H,"Plotting, Determination of migration timing using the basement membrane mesh",C10
3500006256_21_raw_converted,0.77mW,0.8mW,TRUE,TRUE,s3://allencell/aics/emt_timelapse_dataset/data/3500006256_21_all_cells_mask.ome.zarr,https://allencell.s3.amazonaws.com/aics/emt_timelapse_dataset/data/3500006256_21_all_cells_mask.ome.zarr,https://volumeviewer.allencell.org/viewer?url=https%3A%2F%2Fallencell.s3.amazonaws.com%2Faics%2Femt_timelapse_dataset%2Fdata%2F3500006256_21_all_cells_mask.ome.zarr,1x1,"[[ 0.99925131  0.00142929 -1.09224837]
 [-0.00142929  0.99925131  0.13566399]
 [ 0.          0.          1.        ]]",AICS-0061,1,2,0,36,,s3://allencell/aics/emt_timelapse_dataset/data/3500006256_21_collagenIV_segmentation_mesh,s3://allencell/aics/emt_timelapse_dataset/data/3500006256_21_collagenIV_segmentation_probability.ome.zarr,https://allencell.s3.amazonaws.com/aics/emt_timelapse_dataset/data/3500006256_21_collagenIV_segmentation_probability.ome.zarr,https://volumeviewer.allencell.org/viewer?url=https%3A%2F%2Fallencell.s3.amazonaws.com%2Faics%2Femt_timelapse_dataset%2Fdata%2F3500006256_21_collagenIV_segmentation_probability.ome.zarr,Bright-field,mEGFP,CollagenIV,RPMI+B27 minus insulin ,,Mon Feb 19 2024,TCZYX,Matrigel at 1:60 in culture media,5uM CHIR in culture media,,,,3D lumenoid EMT,50ms,https://allencell.s3.amazonaws.com/aics/emt_timelapse_dataset/data/3500006256_21_raw_converted.ome.zarr,mEGFP,HIST1H2BJ,Diluted Matrigel + DMEM/F12,s3://allencell/aics/emt_timelapse_dataset/data/3500006256_21_H2B_nuclear_segmentation.ome.zarr,https://allencell.s3.amazonaws.com/aics/emt_timelapse_dataset/data/3500006256_21_H2B_nuclear_segmentation.ome.zarr,https://volumeviewer.allencell.org/viewer?url=https%3A%2F%2Fallencell.s3.amazonaws.com%2Faics%2Femt_timelapse_dataset%2Fdata%2F3500006256_21_H2B_nuclear_segmentation.ome.zarr,3,121,1848,1248,30,Feb 23 2024 13H02,ZSD-0,two days prior to imaging,Lot 3119527,3500006256_21,20x/0.80,0.271,0.271,2.88,2,3500006256,18,TRUE,histone H2B type 1-J,"https://volumeviewer.allencell.org/viewer?url=https%3A%2F%2Fallencell.s3.amazonaws.com%2Faics%2Femt_timelapse_dataset%2Fdata%2F3500006256_21_raw_converted.ome.zarr,https%3A%2F%2Fallencell.s3.amazonaws.com%2Faics%2Femt_timelapse_dataset%2Fdata%2F3500006256_21_all_cells_mask.ome.zarr,https%3A%2F%2Fallencell.s3.amazonaws.com%2Faics%2Femt_timelapse_dataset%2Fdata%2F3500006256_21_H2B_nuclear_segmentation.ome.zarr,https%3A%2F%2Fallencell.s3.amazonaws.com%2Faics%2Femt_timelapse_dataset%2Fdata%2F3500006256_21_collagenIV_segmentation_probability.ome.zarr&t=24&mode=maxproject&c0=lut:0:autoij,ven:0&c1=lut:0:autoij,ven:1&c2=lut:0:autoij,ven:1,col:bd10e0&c3&c4&c5",s3://allencell/aics/emt_timelapse_dataset/data/3500006256_21_raw_converted.ome.zarr,https://allencell.s3.amazonaws.com/aics/emt_timelapse_dataset/data/3500006256_21_raw_converted.ome.zarr,"https://volumeviewer.allencell.org/viewer?url=https%3A%2F%2Fallencell.s3.amazonaws.com%2Faics%2Femt_timelapse_dataset%2Fdata%2F3500006256_21_raw_converted.ome.zarr&t=24&mode=maxproject&c0=lut:0:autoij,ven:0&c1=lut:0:autoij,ven:1&c2=lut:0:autoij,ven:1,col:bd10e0",21,TRUE,heterochromatin,Feb 23 2024 12H25,30 minutes,,,2D 12H,"Plotting, Determination of migration timing using the basement membrane mesh",C10
3500005548_43_raw_converted,0.77mW,0.8mW,TRUE,TRUE,s3://allencell/aics/emt_timelapse_dataset/data/3500005548_43_all_cells_mask.ome.zarr,https://allencell.s3.amazonaws.com/aics/emt_timelapse_dataset/data/3500005548_43_all_cells_mask.ome.zarr,https://volumeviewer.allencell.org/viewer?url=https%3A%2F%2Fallencell.s3.amazonaws.com%2Faics%2Femt_timelapse_dataset%2Fdata%2F3500005548_43_all_cells_mask.ome.zarr,1x1,"[[ 9.98594556e-01 -1.30508594e-03  1.70856939e+00]
 [ 1.30508594e-03  9.98594556e-01  3.18139263e+00]
 [ 0.00000000e+00  0.00000000e+00  1.00000000e+00]]",AICS-0061,1,2,0,36,,s3://allencell/aics/emt_timelapse_dataset/data/3500005548_43_collagenIV_segmentation_mesh,s3://allencell/aics/emt_timelapse_dataset/data/3500005548_43_collagenIV_segmentation_probability.ome.zarr,https://allencell.s3.amazonaws.com/aics/emt_timelapse_dataset/data/3500005548_43_collagenIV_segmentation_probability.ome.zarr,https://volumeviewer.allencell.org/viewer?url=https%3A%2F%2Fallencell.s3.amazonaws.com%2Faics%2Femt_timelapse_dataset%2Fdata%2F3500005548_43_collagenIV_segmentation_probability.ome.zarr,Bright-field,mEGFP,CollagenIV,RPMI+B27 minus insulin ,,Mon Oct 23 2023,TCZYX,Matrigel at 1:60 in culture media,5uM CHIR in culture media,,,,3D lumenoid EMT,50ms,https://allencell.s3.amazonaws.com/aics/emt_timelapse_dataset/data/3500005548_43_raw_converted.ome.zarr,mEGFP,HIST1H2BJ,Diluted Matrigel + DMEM/F12,s3://allencell/aics/emt_timelapse_dataset/data/3500005548_43_H2B_nuclear_segmentation.ome.zarr,https://allencell.s3.amazonaws.com/aics/emt_timelapse_dataset/data/3500005548_43_H2B_nuclear_segmentation.ome.zarr,https://volumeviewer.allencell.org/viewer?url=https%3A%2F%2Fallencell.s3.amazonaws.com%2Faics%2Femt_timelapse_dataset%2Fdata%2F3500005548_43_H2B_nuclear_segmentation.ome.zarr,3,121,1848,1248,30,Oct 27 2023  13H34,ZSD-1,two days prior to imaging,Lot 118001 ,3500005548_43,20x/0.80,0.271,0.271,2.88,2,3500005548,44,TRUE,histone H2B type 1-J,"https://volumeviewer.allencell.org/viewer?url=https%3A%2F%2Fallencell.s3.amazonaws.com%2Faics%2Femt_timelapse_dataset%2Fdata%2F3500005548_43_raw_converted.ome.zarr,https%3A%2F%2Fallencell.s3.amazonaws.com%2Faics%2Femt_timelapse_dataset%2Fdata%2F3500005548_43_all_cells_mask.ome.zarr,https%3A%2F%2Fallencell.s3.amazonaws.com%2Faics%2Femt_timelapse_dataset%2Fdata%2F3500005548_43_H2B_nuclear_segmentation.ome.zarr,https%3A%2F%2Fallencell.s3.amazonaws.com%2Faics%2Femt_timelapse_dataset%2Fdata%2F3500005548_43_collagenIV_segmentation_probability.ome.zarr&t=24&mode=maxproject&c0=lut:0:autoij,ven:0&c1=lut:0:autoij,ven:1&c2=lut:0:autoij,ven:1,col:bd10e0&c3&c4&c5",s3://allencell/aics/emt_timelapse_dataset/data/3500005548_43_raw_converted.ome.zarr,https://allencell.s3.amazonaws.com/aics/emt_timelapse_dataset/data/3500005548_43_raw_converted.ome.zarr,"https://volumeviewer.allencell.org/viewer?url=https%3A%2F%2Fallencell.s3.amazonaws.com%2Faics%2Femt_timelapse_dataset%2Fdata%2F3500005548_43_raw_converted.ome.zarr&t=24&mode=maxproject&c0=lut:0:autoij,ven:0&c1=lut:0:autoij,ven:1&c2=lut:0:autoij,ven:1,col:bd10e0",43,TRUE,heterochromatin,Oct 27 2023 13H04,30 minutes,,,2D 12H,"Plotting, Determination of migration timing using the basement membrane mesh",E8
3500005548_48_raw_converted,0.77mW,0.8mW,TRUE,TRUE,s3://allencell/aics/emt_timelapse_dataset/data/3500005548_48_all_cells_mask.ome.zarr,https://allencell.s3.amazonaws.com/aics/emt_timelapse_dataset/data/3500005548_48_all_cells_mask.ome.zarr,https://volumeviewer.allencell.org/viewer?url=https%3A%2F%2Fallencell.s3.amazonaws.com%2Faics%2Femt_timelapse_dataset%2Fdata%2F3500005548_48_all_cells_mask.ome.zarr,1x1,"[[ 9.98594556e-01 -1.30508594e-03  1.70856939e+00]
 [ 1.30508594e-03  9.98594556e-01  3.18139263e+00]
 [ 0.00000000e+00  0.00000000e+00  1.00000000e+00]]",AICS-0061,1,2,0,36,,s3://allencell/aics/emt_timelapse_dataset/data/3500005548_48_collagenIV_segmentation_mesh,s3://allencell/aics/emt_timelapse_dataset/data/3500005548_48_collagenIV_segmentation_probability.ome.zarr,https://allencell.s3.amazonaws.com/aics/emt_timelapse_dataset/data/3500005548_48_collagenIV_segmentation_probability.ome.zarr,https://volumeviewer.allencell.org/viewer?url=https%3A%2F%2Fallencell.s3.amazonaws.com%2Faics%2Femt_timelapse_dataset%2Fdata%2F3500005548_48_collagenIV_segmentation_probability.ome.zarr,Bright-field,mEGFP,CollagenIV,RPMI+B27 minus insulin ,,Mon Oct 23 2023,TCZYX,Matrigel at 1:60 in culture media,5uM CHIR in culture media,,,,3D lumenoid EMT,50ms,https://allencell.s3.amazonaws.com/aics/emt_timelapse_dataset/data/3500005548_48_raw_converted.ome.zarr,mEGFP,HIST1H2BJ,Diluted Matrigel + DMEM/F12,s3://allencell/aics/emt_timelapse_dataset/data/3500005548_48_H2B_nuclear_segmentation.ome.zarr,https://allencell.s3.amazonaws.com/aics/emt_timelapse_dataset/data/3500005548_48_H2B_nuclear_segmentation.ome.zarr,https://volumeviewer.allencell.org/viewer?url=https%3A%2F%2Fallencell.s3.amazonaws.com%2Faics%2Femt_timelapse_dataset%2Fdata%2F3500005548_48_H2B_nuclear_segmentation.ome.zarr,3,121,1848,1248,30,Oct 27 2023  13H34,ZSD-1,two days prior to imaging,Lot 118001 ,3500005548_48,20x/0.80,0.271,0.271,2.88,2,3500005548,46,TRUE,histone H2B type 1-J,"https://volumeviewer.allencell.org/viewer?url=https%3A%2F%2Fallencell.s3.amazonaws.com%2Faics%2Femt_timelapse_dataset%2Fdata%2F3500005548_48_raw_converted.ome.zarr,https%3A%2F%2Fallencell.s3.amazonaws.com%2Faics%2Femt_timelapse_dataset%2Fdata%2F3500005548_48_all_cells_mask.ome.zarr,https%3A%2F%2Fallencell.s3.amazonaws.com%2Faics%2Femt_timelapse_dataset%2Fdata%2F3500005548_48_H2B_nuclear_segmentation.ome.zarr,https%3A%2F%2Fallencell.s3.amazonaws.com%2Faics%2Femt_timelapse_dataset%2Fdata%2F3500005548_48_collagenIV_segmentation_probability.ome.zarr&t=24&mode=maxproject&c0=lut:0:autoij,ven:0&c1=lut:0:autoij,ven:1&c2=lut:0:autoij,ven:1,col:bd10e0&c3&c4&c5",s3://allencell/aics/emt_timelapse_dataset/data/3500005548_48_raw_converted.ome.zarr,https://allencell.s3.amazonaws.com/aics/emt_timelapse_dataset/data/3500005548_48_raw_converted.ome.zarr,"https://volumeviewer.allencell.org/viewer?url=https%3A%2F%2Fallencell.s3.amazonaws.com%2Faics%2Femt_timelapse_dataset%2Fdata%2F3500005548_48_raw_converted.ome.zarr&t=24&mode=maxproject&c0=lut:0:autoij,ven:0&c1=lut:0:autoij,ven:1&c2=lut:0:autoij,ven:1,col:bd10e0",48,TRUE,heterochromatin,Oct 27 2023 13H04,30 minutes,,,2D 12H,"Plotting, Determination of migration timing using the basement membrane mesh",E7
3500005548_46_raw_converted,0.77mW,0.8mW,TRUE,TRUE,s3://allencell/aics/emt_timelapse_dataset/data/3500005548_46_all_cells_mask.ome.zarr,https://allencell.s3.amazonaws.com/aics/emt_timelapse_dataset/data/3500005548_46_all_cells_mask.ome.zarr,https://volumeviewer.allencell.org/viewer?url=https%3A%2F%2Fallencell.s3.amazonaws.com%2Faics%2Femt_timelapse_dataset%2Fdata%2F3500005548_46_all_cells_mask.ome.zarr,1x1,"[[ 9.98594556e-01 -1.30508594e-03  1.70856939e+00]
 [ 1.30508594e-03  9.98594556e-01  3.18139263e+00]
 [ 0.00000000e+00  0.00000000e+00  1.00000000e+00]]",AICS-0061,1,2,0,36,,s3://allencell/aics/emt_timelapse_dataset/data/3500005548_46_collagenIV_segmentation_mesh,s3://allencell/aics/emt_timelapse_dataset/data/3500005548_46_collagenIV_segmentation_probability.ome.zarr,https://allencell.s3.amazonaws.com/aics/emt_timelapse_dataset/data/3500005548_46_collagenIV_segmentation_probability.ome.zarr,https://volumeviewer.allencell.org/viewer?url=https%3A%2F%2Fallencell.s3.amazonaws.com%2Faics%2Femt_timelapse_dataset%2Fdata%2F3500005548_46_collagenIV_segmentation_probability.ome.zarr,Bright-field,mEGFP,CollagenIV,RPMI+B27 minus insulin ,,Mon Oct 23 2023,TCZYX,Matrigel at 1:60 in culture media,5uM CHIR in culture media,,,,3D lumenoid EMT,50ms,https://allencell.s3.amazonaws.com/aics/emt_timelapse_dataset/data/3500005548_46_raw_converted.ome.zarr,mEGFP,HIST1H2BJ,Diluted Matrigel + DMEM/F12,s3://allencell/aics/emt_timelapse_dataset/data/3500005548_46_H2B_nuclear_segmentation.ome.zarr,https://allencell.s3.amazonaws.com/aics/emt_timelapse_dataset/data/3500005548_46_H2B_nuclear_segmentation.ome.zarr,https://volumeviewer.allencell.org/viewer?url=https%3A%2F%2Fallencell.s3.amazonaws.com%2Faics%2Femt_timelapse_dataset%2Fdata%2F3500005548_46_H2B_nuclear_segmentation.ome.zarr,3,121,1848,1248,30,Oct 27 2023  13H34,ZSD-1,two days prior to imaging,Lot 118001 ,3500005548_46,20x/0.80,0.271,0.271,2.88,2,3500005548,48,TRUE,histone H2B type 1-J,"https://volumeviewer.allencell.org/viewer?url=https%3A%2F%2Fallencell.s3.amazonaws.com%2Faics%2Femt_timelapse_dataset%2Fdata%2F3500005548_46_raw_converted.ome.zarr,https%3A%2F%2Fallencell.s3.amazonaws.com%2Faics%2Femt_timelapse_dataset%2Fdata%2F3500005548_46_all_cells_mask.ome.zarr,https%3A%2F%2Fallencell.s3.amazonaws.com%2Faics%2Femt_timelapse_dataset%2Fdata%2F3500005548_46_H2B_nuclear_segmentation.ome.zarr,https%3A%2F%2Fallencell.s3.amazonaws.com%2Faics%2Femt_timelapse_dataset%2Fdata%2F3500005548_46_collagenIV_segmentation_probability.ome.zarr&t=24&mode=maxproject&c0=lut:0:autoij,ven:0&c1=lut:0:autoij,ven:1&c2=lut:0:autoij,ven:1,col:bd10e0&c3&c4&c5",s3://allencell/aics/emt_timelapse_dataset/data/3500005548_46_raw_converted.ome.zarr,https://allencell.s3.amazonaws.com/aics/emt_timelapse_dataset/data/3500005548_46_raw_converted.ome.zarr,"https://volumeviewer.allencell.org/viewer?url=https%3A%2F%2Fallencell.s3.amazonaws.com%2Faics%2Femt_timelapse_dataset%2Fdata%2F3500005548_46_raw_converted.ome.zarr&t=24&mode=maxproject&c0=lut:0:autoij,ven:0&c1=lut:0:autoij,ven:1&c2=lut:0:autoij,ven:1,col:bd10e0",46,TRUE,heterochromatin,Oct 27 2023 13H04,30 minutes,,,2D 12H,"Plotting, Determination of migration timing using the basement membrane mesh",E7
3500005824_37_raw_converted,0.77mW,0.8mW,TRUE,TRUE,s3://allencell/aics/emt_timelapse_dataset/data/3500005824_37_all_cells_mask.ome.zarr,https://allencell.s3.amazonaws.com/aics/emt_timelapse_dataset/data/3500005824_37_all_cells_mask.ome.zarr,https://volumeviewer.allencell.org/viewer?url=https%3A%2F%2Fallencell.s3.amazonaws.com%2Faics%2Femt_timelapse_dataset%2Fdata%2F3500005824_37_all_cells_mask.ome.zarr,1x1,"[[ 9.98916029e-01  1.80614086e-03 -1.05202507e+00]
 [-1.80614086e-03  9.98916029e-01  2.70893936e+00]
 [ 0.00000000e+00  0.00000000e+00  1.00000000e+00]]",AICS-0061,1,2,0,36,,s3://allencell/aics/emt_timelapse_dataset/data/3500005824_37_collagenIV_segmentation_mesh,s3://allencell/aics/emt_timelapse_dataset/data/3500005824_37_collagenIV_segmentation_probability.ome.zarr,https://allencell.s3.amazonaws.com/aics/emt_timelapse_dataset/data/3500005824_37_collagenIV_segmentation_probability.ome.zarr,https://volumeviewer.allencell.org/viewer?url=https%3A%2F%2Fallencell.s3.amazonaws.com%2Faics%2Femt_timelapse_dataset%2Fdata%2F3500005824_37_collagenIV_segmentation_probability.ome.zarr,Bright-field,mEGFP,CollagenIV,RPMI+B27 minus insulin ,,Mon Aug 28 2023,TCZYX,Matrigel at 1:60 in culture media,5uM CHIR in culture media,,,,3D lumenoid EMT,50ms,https://allencell.s3.amazonaws.com/aics/emt_timelapse_dataset/data/3500005824_37_raw_converted.ome.zarr,mEGFP,HIST1H2BJ,Diluted Matrigel + DMEM/F12,s3://allencell/aics/emt_timelapse_dataset/data/3500005824_37_H2B_nuclear_segmentation.ome.zarr,https://allencell.s3.amazonaws.com/aics/emt_timelapse_dataset/data/3500005824_37_H2B_nuclear_segmentation.ome.zarr,https://volumeviewer.allencell.org/viewer?url=https%3A%2F%2Fallencell.s3.amazonaws.com%2Faics%2Femt_timelapse_dataset%2Fdata%2F3500005824_37_H2B_nuclear_segmentation.ome.zarr,3,121,1848,1248,30,Sep 01 2023 13H16,ZSD-1,two days prior to imaging,Lot 118001 ,3500005824_37,20x/0.80,0.271,0.271,2.88,2,3500005824,37,TRUE,histone H2B type 1-J,"https://volumeviewer.allencell.org/viewer?url=https%3A%2F%2Fallencell.s3.amazonaws.com%2Faics%2Femt_timelapse_dataset%2Fdata%2F3500005824_37_raw_converted.ome.zarr,https%3A%2F%2Fallencell.s3.amazonaws.com%2Faics%2Femt_timelapse_dataset%2Fdata%2F3500005824_37_all_cells_mask.ome.zarr,https%3A%2F%2Fallencell.s3.amazonaws.com%2Faics%2Femt_timelapse_dataset%2Fdata%2F3500005824_37_H2B_nuclear_segmentation.ome.zarr,https%3A%2F%2Fallencell.s3.amazonaws.com%2Faics%2Femt_timelapse_dataset%2Fdata%2F3500005824_37_collagenIV_segmentation_probability.ome.zarr&t=24&mode=maxproject&c0=lut:0:autoij,ven:0&c1=lut:0:autoij,ven:1&c2=lut:0:autoij,ven:1,col:bd10e0&c3&c4&c5",s3://allencell/aics/emt_timelapse_dataset/data/3500005824_37_raw_converted.ome.zarr,https://allencell.s3.amazonaws.com/aics/emt_timelapse_dataset/data/3500005824_37_raw_converted.ome.zarr,"https://volumeviewer.allencell.org/viewer?url=https%3A%2F%2Fallencell.s3.amazonaws.com%2Faics%2Femt_timelapse_dataset%2Fdata%2F3500005824_37_raw_converted.ome.zarr&t=24&mode=maxproject&c0=lut:0:autoij,ven:0&c1=lut:0:autoij,ven:1&c2=lut:0:autoij,ven:1,col:bd10e0",37,TRUE,heterochromatin,Sep 01 2023 12H25,30 minutes,,,2D 12H,"Plotting, Determination of migration timing using the basement membrane mesh",E7
3500005824_38_raw_converted,0.77mW,0.8mW,TRUE,TRUE,s3://allencell/aics/emt_timelapse_dataset/data/3500005824_38_all_cells_mask.ome.zarr,https://allencell.s3.amazonaws.com/aics/emt_timelapse_dataset/data/3500005824_38_all_cells_mask.ome.zarr,https://volumeviewer.allencell.org/viewer?url=https%3A%2F%2Fallencell.s3.amazonaws.com%2Faics%2Femt_timelapse_dataset%2Fdata%2F3500005824_38_all_cells_mask.ome.zarr,1x1,"[[ 9.98916029e-01  1.80614086e-03 -1.05202507e+00]
 [-1.80614086e-03  9.98916029e-01  2.70893936e+00]
 [ 0.00000000e+00  0.00000000e+00  1.00000000e+00]]",AICS-0061,1,2,0,36,,s3://allencell/aics/emt_timelapse_dataset/data/3500005824_38_collagenIV_segmentation_mesh,s3://allencell/aics/emt_timelapse_dataset/data/3500005824_38_collagenIV_segmentation_probability.ome.zarr,https://allencell.s3.amazonaws.com/aics/emt_timelapse_dataset/data/3500005824_38_collagenIV_segmentation_probability.ome.zarr,https://volumeviewer.allencell.org/viewer?url=https%3A%2F%2Fallencell.s3.amazonaws.com%2Faics%2Femt_timelapse_dataset%2Fdata%2F3500005824_38_collagenIV_segmentation_probability.ome.zarr,Bright-field,mEGFP,CollagenIV,RPMI+B27 minus insulin ,,Mon Aug 28 2023,TCZYX,Matrigel at 1:60 in culture media,5uM CHIR in culture media,,,,3D lumenoid EMT,50ms,https://allencell.s3.amazonaws.com/aics/emt_timelapse_dataset/data/3500005824_38_raw_converted.ome.zarr,mEGFP,HIST1H2BJ,Diluted Matrigel + DMEM/F12,s3://allencell/aics/emt_timelapse_dataset/data/3500005824_38_H2B_nuclear_segmentation.ome.zarr,https://allencell.s3.amazonaws.com/aics/emt_timelapse_dataset/data/3500005824_38_H2B_nuclear_segmentation.ome.zarr,https://volumeviewer.allencell.org/viewer?url=https%3A%2F%2Fallencell.s3.amazonaws.com%2Faics%2Femt_timelapse_dataset%2Fdata%2F3500005824_38_H2B_nuclear_segmentation.ome.zarr,3,121,1848,1248,30,Sep 01 2023 13H16,ZSD-1,two days prior to imaging,Lot 118001 ,3500005824_38,20x/0.80,0.271,0.271,2.88,2,3500005824,39,TRUE,histone H2B type 1-J,"https://volumeviewer.allencell.org/viewer?url=https%3A%2F%2Fallencell.s3.amazonaws.com%2Faics%2Femt_timelapse_dataset%2Fdata%2F3500005824_38_raw_converted.ome.zarr,https%3A%2F%2Fallencell.s3.amazonaws.com%2Faics%2Femt_timelapse_dataset%2Fdata%2F3500005824_38_all_cells_mask.ome.zarr,https%3A%2F%2Fallencell.s3.amazonaws.com%2Faics%2Femt_timelapse_dataset%2Fdata%2F3500005824_38_H2B_nuclear_segmentation.ome.zarr,https%3A%2F%2Fallencell.s3.amazonaws.com%2Faics%2Femt_timelapse_dataset%2Fdata%2F3500005824_38_collagenIV_segmentation_probability.ome.zarr&t=24&mode=maxproject&c0=lut:0:autoij,ven:0&c1=lut:0:autoij,ven:1&c2=lut:0:autoij,ven:1,col:bd10e0&c3&c4&c5",s3://allencell/aics/emt_timelapse_dataset/data/3500005824_38_raw_converted.ome.zarr,https://allencell.s3.amazonaws.com/aics/emt_timelapse_dataset/data/3500005824_38_raw_converted.ome.zarr,"https://volumeviewer.allencell.org/viewer?url=https%3A%2F%2Fallencell.s3.amazonaws.com%2Faics%2Femt_timelapse_dataset%2Fdata%2F3500005824_38_raw_converted.ome.zarr&t=24&mode=maxproject&c0=lut:0:autoij,ven:0&c1=lut:0:autoij,ven:1&c2=lut:0:autoij,ven:1,col:bd10e0",38,TRUE,heterochromatin,Sep 01 2023 12H25,30 minutes,,,2D 12H,"Plotting, Determination of migration timing using the basement membrane mesh",E7
3500005824_35_raw_converted,0.77mW,0.8mW,TRUE,TRUE,s3://allencell/aics/emt_timelapse_dataset/data/3500005824_35_all_cells_mask.ome.zarr,https://allencell.s3.amazonaws.com/aics/emt_timelapse_dataset/data/3500005824_35_all_cells_mask.ome.zarr,https://volumeviewer.allencell.org/viewer?url=https%3A%2F%2Fallencell.s3.amazonaws.com%2Faics%2Femt_timelapse_dataset%2Fdata%2F3500005824_35_all_cells_mask.ome.zarr,1x1,"[[ 9.98916029e-01  1.80614086e-03 -1.05202507e+00]
 [-1.80614086e-03  9.98916029e-01  2.70893936e+00]
 [ 0.00000000e+00  0.00000000e+00  1.00000000e+00]]",AICS-0061,1,2,0,36,,s3://allencell/aics/emt_timelapse_dataset/data/3500005824_35_collagenIV_segmentation_mesh,s3://allencell/aics/emt_timelapse_dataset/data/3500005824_35_collagenIV_segmentation_probability.ome.zarr,https://allencell.s3.amazonaws.com/aics/emt_timelapse_dataset/data/3500005824_35_collagenIV_segmentation_probability.ome.zarr,https://volumeviewer.allencell.org/viewer?url=https%3A%2F%2Fallencell.s3.amazonaws.com%2Faics%2Femt_timelapse_dataset%2Fdata%2F3500005824_35_collagenIV_segmentation_probability.ome.zarr,Bright-field,mEGFP,CollagenIV,RPMI+B27 minus insulin ,,Mon Aug 28 2023,TCZYX,Matrigel at 1:60 in culture media,5uM CHIR in culture media,,,,3D lumenoid EMT,50ms,https://allencell.s3.amazonaws.com/aics/emt_timelapse_dataset/data/3500005824_35_raw_converted.ome.zarr,mEGFP,HIST1H2BJ,Diluted Matrigel + DMEM/F12,s3://allencell/aics/emt_timelapse_dataset/data/3500005824_35_H2B_nuclear_segmentation.ome.zarr,https://allencell.s3.amazonaws.com/aics/emt_timelapse_dataset/data/3500005824_35_H2B_nuclear_segmentation.ome.zarr,https://volumeviewer.allencell.org/viewer?url=https%3A%2F%2Fallencell.s3.amazonaws.com%2Faics%2Femt_timelapse_dataset%2Fdata%2F3500005824_35_H2B_nuclear_segmentation.ome.zarr,3,121,1848,1248,30,Sep 01 2023 13H16,ZSD-1,two days prior to imaging,Lot 118001 ,3500005824_35,20x/0.80,0.271,0.271,2.88,2,3500005824,40,TRUE,histone H2B type 1-J,"https://volumeviewer.allencell.org/viewer?url=https%3A%2F%2Fallencell.s3.amazonaws.com%2Faics%2Femt_timelapse_dataset%2Fdata%2F3500005824_35_raw_converted.ome.zarr,https%3A%2F%2Fallencell.s3.amazonaws.com%2Faics%2Femt_timelapse_dataset%2Fdata%2F3500005824_35_all_cells_mask.ome.zarr,https%3A%2F%2Fallencell.s3.amazonaws.com%2Faics%2Femt_timelapse_dataset%2Fdata%2F3500005824_35_H2B_nuclear_segmentation.ome.zarr,https%3A%2F%2Fallencell.s3.amazonaws.com%2Faics%2Femt_timelapse_dataset%2Fdata%2F3500005824_35_collagenIV_segmentation_probability.ome.zarr&t=24&mode=maxproject&c0=lut:0:autoij,ven:0&c1=lut:0:autoij,ven:1&c2=lut:0:autoij,ven:1,col:bd10e0&c3&c4&c5",s3://allencell/aics/emt_timelapse_dataset/data/3500005824_35_raw_converted.ome.zarr,https://allencell.s3.amazonaws.com/aics/emt_timelapse_dataset/data/3500005824_35_raw_converted.ome.zarr,"https://volumeviewer.allencell.org/viewer?url=https%3A%2F%2Fallencell.s3.amazonaws.com%2Faics%2Femt_timelapse_dataset%2Fdata%2F3500005824_35_raw_converted.ome.zarr&t=24&mode=maxproject&c0=lut:0:autoij,ven:0&c1=lut:0:autoij,ven:1&c2=lut:0:autoij,ven:1,col:bd10e0",35,TRUE,heterochromatin,Sep 01 2023 12H25,30 minutes,,,2D 12H,"Plotting, Determination of migration timing using the basement membrane mesh",E8
3500005824_36_raw_converted,0.77mW,0.8mW,TRUE,TRUE,s3://allencell/aics/emt_timelapse_dataset/data/3500005824_36_all_cells_mask.ome.zarr,https://allencell.s3.amazonaws.com/aics/emt_timelapse_dataset/data/3500005824_36_all_cells_mask.ome.zarr,https://volumeviewer.allencell.org/viewer?url=https%3A%2F%2Fallencell.s3.amazonaws.com%2Faics%2Femt_timelapse_dataset%2Fdata%2F3500005824_36_all_cells_mask.ome.zarr,1x1,"[[ 9.98916029e-01  1.80614086e-03 -1.05202507e+00]
 [-1.80614086e-03  9.98916029e-01  2.70893936e+00]
 [ 0.00000000e+00  0.00000000e+00  1.00000000e+00]]",AICS-0061,1,2,0,36,,s3://allencell/aics/emt_timelapse_dataset/data/3500005824_36_collagenIV_segmentation_mesh,s3://allencell/aics/emt_timelapse_dataset/data/3500005824_36_collagenIV_segmentation_probability.ome.zarr,https://allencell.s3.amazonaws.com/aics/emt_timelapse_dataset/data/3500005824_36_collagenIV_segmentation_probability.ome.zarr,https://volumeviewer.allencell.org/viewer?url=https%3A%2F%2Fallencell.s3.amazonaws.com%2Faics%2Femt_timelapse_dataset%2Fdata%2F3500005824_36_collagenIV_segmentation_probability.ome.zarr,Bright-field,mEGFP,CollagenIV,RPMI+B27 minus insulin ,,Mon Aug 28 2023,TCZYX,Matrigel at 1:60 in culture media,5uM CHIR in culture media,,,,3D lumenoid EMT,50ms,https://allencell.s3.amazonaws.com/aics/emt_timelapse_dataset/data/3500005824_36_raw_converted.ome.zarr,mEGFP,HIST1H2BJ,Diluted Matrigel + DMEM/F12,s3://allencell/aics/emt_timelapse_dataset/data/3500005824_36_H2B_nuclear_segmentation.ome.zarr,https://allencell.s3.amazonaws.com/aics/emt_timelapse_dataset/data/3500005824_36_H2B_nuclear_segmentation.ome.zarr,https://volumeviewer.allencell.org/viewer?url=https%3A%2F%2Fallencell.s3.amazonaws.com%2Faics%2Femt_timelapse_dataset%2Fdata%2F3500005824_36_H2B_nuclear_segmentation.ome.zarr,3,121,1848,1248,30,Sep 01 2023 13H16,ZSD-1,two days prior to imaging,Lot 118001 ,3500005824_36,20x/0.80,0.271,0.271,2.88,2,3500005824,42,TRUE,histone H2B type 1-J,"https://volumeviewer.allencell.org/viewer?url=https%3A%2F%2Fallencell.s3.amazonaws.com%2Faics%2Femt_timelapse_dataset%2Fdata%2F3500005824_36_raw_converted.ome.zarr,https%3A%2F%2Fallencell.s3.amazonaws.com%2Faics%2Femt_timelapse_dataset%2Fdata%2F3500005824_36_all_cells_mask.ome.zarr,https%3A%2F%2Fallencell.s3.amazonaws.com%2Faics%2Femt_timelapse_dataset%2Fdata%2F3500005824_36_H2B_nuclear_segmentation.ome.zarr,https%3A%2F%2Fallencell.s3.amazonaws.com%2Faics%2Femt_timelapse_dataset%2Fdata%2F3500005824_36_collagenIV_segmentation_probability.ome.zarr&t=24&mode=maxproject&c0=lut:0:autoij,ven:0&c1=lut:0:autoij,ven:1&c2=lut:0:autoij,ven:1,col:bd10e0&c3&c4&c5",s3://allencell/aics/emt_timelapse_dataset/data/3500005824_36_raw_converted.ome.zarr,https://allencell.s3.amazonaws.com/aics/emt_timelapse_dataset/data/3500005824_36_raw_converted.ome.zarr,"https://volumeviewer.allencell.org/viewer?url=https%3A%2F%2Fallencell.s3.amazonaws.com%2Faics%2Femt_timelapse_dataset%2Fdata%2F3500005824_36_raw_converted.ome.zarr&t=24&mode=maxproject&c0=lut:0:autoij,ven:0&c1=lut:0:autoij,ven:1&c2=lut:0:autoij,ven:1,col:bd10e0",36,TRUE,heterochromatin,Sep 01 2023 12H25,30 minutes,,,2D 12H,"Plotting, Determination of migration timing using the basement membrane mesh, Illustration of Figure 3, Illustration of Figure 4",E8
3500005828_43_raw_converted,0.77mW,0.8mW,TRUE,TRUE,s3://allencell/aics/emt_timelapse_dataset/data/3500005828_43_all_cells_mask.ome.zarr,https://allencell.s3.amazonaws.com/aics/emt_timelapse_dataset/data/3500005828_43_all_cells_mask.ome.zarr,https://volumeviewer.allencell.org/viewer?url=https%3A%2F%2Fallencell.s3.amazonaws.com%2Faics%2Femt_timelapse_dataset%2Fdata%2F3500005828_43_all_cells_mask.ome.zarr,1x1,"[[ 1.00032919e+00 -1.69748711e-03  1.73339160e+00]
 [ 1.69748711e-03  1.00032919e+00 -1.42422099e+00]
 [ 0.00000000e+00  0.00000000e+00  1.00000000e+00]]",AICS-0061,1,2,0,36,,s3://allencell/aics/emt_timelapse_dataset/data/3500005828_43_collagenIV_segmentation_mesh,s3://allencell/aics/emt_timelapse_dataset/data/3500005828_43_collagenIV_segmentation_probability.ome.zarr,https://allencell.s3.amazonaws.com/aics/emt_timelapse_dataset/data/3500005828_43_collagenIV_segmentation_probability.ome.zarr,https://volumeviewer.allencell.org/viewer?url=https%3A%2F%2Fallencell.s3.amazonaws.com%2Faics%2Femt_timelapse_dataset%2Fdata%2F3500005828_43_collagenIV_segmentation_probability.ome.zarr,Bright-field,mEGFP,CollagenIV,RPMI+B27 minus insulin ,,Mon Sep 11 2023,TCZYX,Matrigel at 1:60 in culture media,5uM CHIR in culture media,,,,3D lumenoid EMT,50ms,https://allencell.s3.amazonaws.com/aics/emt_timelapse_dataset/data/3500005828_43_raw_converted.ome.zarr,mEGFP,HIST1H2BJ,Diluted Matrigel + DMEM/F12,s3://allencell/aics/emt_timelapse_dataset/data/3500005828_43_H2B_nuclear_segmentation.ome.zarr,https://allencell.s3.amazonaws.com/aics/emt_timelapse_dataset/data/3500005828_43_H2B_nuclear_segmentation.ome.zarr,https://volumeviewer.allencell.org/viewer?url=https%3A%2F%2Fallencell.s3.amazonaws.com%2Faics%2Femt_timelapse_dataset%2Fdata%2F3500005828_43_H2B_nuclear_segmentation.ome.zarr,3,121,1848,1248,30,Sep 15 2023 13H01,ZSD-2,two days prior to imaging,Lot 118001 ,3500005828_43,20x/0.80,0.271,0.271,2.88,2,3500005828,43,TRUE,histone H2B type 1-J,"https://volumeviewer.allencell.org/viewer?url=https%3A%2F%2Fallencell.s3.amazonaws.com%2Faics%2Femt_timelapse_dataset%2Fdata%2F3500005828_43_raw_converted.ome.zarr,https%3A%2F%2Fallencell.s3.amazonaws.com%2Faics%2Femt_timelapse_dataset%2Fdata%2F3500005828_43_all_cells_mask.ome.zarr,https%3A%2F%2Fallencell.s3.amazonaws.com%2Faics%2Femt_timelapse_dataset%2Fdata%2F3500005828_43_H2B_nuclear_segmentation.ome.zarr,https%3A%2F%2Fallencell.s3.amazonaws.com%2Faics%2Femt_timelapse_dataset%2Fdata%2F3500005828_43_collagenIV_segmentation_probability.ome.zarr&t=24&mode=maxproject&c0=lut:0:autoij,ven:0&c1=lut:0:autoij,ven:1&c2=lut:0:autoij,ven:1,col:bd10e0&c3&c4&c5",s3://allencell/aics/emt_timelapse_dataset/data/3500005828_43_raw_converted.ome.zarr,https://allencell.s3.amazonaws.com/aics/emt_timelapse_dataset/data/3500005828_43_raw_converted.ome.zarr,"https://volumeviewer.allencell.org/viewer?url=https%3A%2F%2Fallencell.s3.amazonaws.com%2Faics%2Femt_timelapse_dataset%2Fdata%2F3500005828_43_raw_converted.ome.zarr&t=24&mode=maxproject&c0=lut:0:autoij,ven:0&c1=lut:0:autoij,ven:1&c2=lut:0:autoij,ven:1,col:bd10e0",43,TRUE,heterochromatin,Sep 15 2023 12H40,30 minutes,,,2D 12H,"Plotting, Determination of migration timing using the basement membrane mesh",E8
3500005828_45_raw_converted,0.77mW,0.8mW,TRUE,TRUE,s3://allencell/aics/emt_timelapse_dataset/data/3500005828_45_all_cells_mask.ome.zarr,https://allencell.s3.amazonaws.com/aics/emt_timelapse_dataset/data/3500005828_45_all_cells_mask.ome.zarr,https://volumeviewer.allencell.org/viewer?url=https%3A%2F%2Fallencell.s3.amazonaws.com%2Faics%2Femt_timelapse_dataset%2Fdata%2F3500005828_45_all_cells_mask.ome.zarr,1x1,"[[ 1.00032919e+00 -1.69748711e-03  1.73339160e+00]
 [ 1.69748711e-03  1.00032919e+00 -1.42422099e+00]
 [ 0.00000000e+00  0.00000000e+00  1.00000000e+00]]",AICS-0061,1,2,0,36,"s3://allencell/aics/emt_timelapse_dataset/data/3500005828_45_T020_collagenIV_ground_truth_segmentation.ome.zarr,s3://allencell/aics/emt_timelapse_dataset/data/3500005828_45_T040_collagenIV_ground_truth_segmentation.ome.zarr",s3://allencell/aics/emt_timelapse_dataset/data/3500005828_45_collagenIV_segmentation_mesh,s3://allencell/aics/emt_timelapse_dataset/data/3500005828_45_collagenIV_segmentation_probability.ome.zarr,https://allencell.s3.amazonaws.com/aics/emt_timelapse_dataset/data/3500005828_45_collagenIV_segmentation_probability.ome.zarr,https://volumeviewer.allencell.org/viewer?url=https%3A%2F%2Fallencell.s3.amazonaws.com%2Faics%2Femt_timelapse_dataset%2Fdata%2F3500005828_45_collagenIV_segmentation_probability.ome.zarr,Bright-field,mEGFP,CollagenIV,RPMI+B27 minus insulin ,,Mon Sep 11 2023,TCZYX,Matrigel at 1:60 in culture media,5uM CHIR in culture media,,,,3D lumenoid EMT,50ms,https://allencell.s3.amazonaws.com/aics/emt_timelapse_dataset/data/3500005828_45_raw_converted.ome.zarr,mEGFP,HIST1H2BJ,Diluted Matrigel + DMEM/F12,s3://allencell/aics/emt_timelapse_dataset/data/3500005828_45_H2B_nuclear_segmentation.ome.zarr,https://allencell.s3.amazonaws.com/aics/emt_timelapse_dataset/data/3500005828_45_H2B_nuclear_segmentation.ome.zarr,https://volumeviewer.allencell.org/viewer?url=https%3A%2F%2Fallencell.s3.amazonaws.com%2Faics%2Femt_timelapse_dataset%2Fdata%2F3500005828_45_H2B_nuclear_segmentation.ome.zarr,3,121,1848,1248,30,Sep 15 2023 13H01,ZSD-2,two days prior to imaging,Lot 118001 ,3500005828_45,20x/0.80,0.271,0.271,2.88,2,3500005828,45,TRUE,histone H2B type 1-J,"https://volumeviewer.allencell.org/viewer?url=https%3A%2F%2Fallencell.s3.amazonaws.com%2Faics%2Femt_timelapse_dataset%2Fdata%2F3500005828_45_raw_converted.ome.zarr,https%3A%2F%2Fallencell.s3.amazonaws.com%2Faics%2Femt_timelapse_dataset%2Fdata%2F3500005828_45_all_cells_mask.ome.zarr,https%3A%2F%2Fallencell.s3.amazonaws.com%2Faics%2Femt_timelapse_dataset%2Fdata%2F3500005828_45_H2B_nuclear_segmentation.ome.zarr,https%3A%2F%2Fallencell.s3.amazonaws.com%2Faics%2Femt_timelapse_dataset%2Fdata%2F3500005828_45_collagenIV_segmentation_probability.ome.zarr&t=24&mode=maxproject&c0=lut:0:autoij,ven:0&c1=lut:0:autoij,ven:1&c2=lut:0:autoij,ven:1,col:bd10e0&c3&c4&c5",s3://allencell/aics/emt_timelapse_dataset/data/3500005828_45_raw_converted.ome.zarr,https://allencell.s3.amazonaws.com/aics/emt_timelapse_dataset/data/3500005828_45_raw_converted.ome.zarr,"https://volumeviewer.allencell.org/viewer?url=https%3A%2F%2Fallencell.s3.amazonaws.com%2Faics%2Femt_timelapse_dataset%2Fdata%2F3500005828_45_raw_converted.ome.zarr&t=24&mode=maxproject&c0=lut:0:autoij,ven:0&c1=lut:0:autoij,ven:1&c2=lut:0:autoij,ven:1,col:bd10e0",45,TRUE,heterochromatin,Sep 15 2023 12H40,30 minutes,"20, 40",,2D 12H,"Basement membrane segmentation training, Plotting, Determination of migration timing using the basement membrane mesh",E8
3500005828_46_raw_converted,0.77mW,0.8mW,TRUE,TRUE,s3://allencell/aics/emt_timelapse_dataset/data/3500005828_46_all_cells_mask.ome.zarr,https://allencell.s3.amazonaws.com/aics/emt_timelapse_dataset/data/3500005828_46_all_cells_mask.ome.zarr,https://volumeviewer.allencell.org/viewer?url=https%3A%2F%2Fallencell.s3.amazonaws.com%2Faics%2Femt_timelapse_dataset%2Fdata%2F3500005828_46_all_cells_mask.ome.zarr,1x1,"[[ 1.00032919e+00 -1.69748711e-03  1.73339160e+00]
 [ 1.69748711e-03  1.00032919e+00 -1.42422099e+00]
 [ 0.00000000e+00  0.00000000e+00  1.00000000e+00]]",AICS-0061,1,2,0,36,,s3://allencell/aics/emt_timelapse_dataset/data/3500005828_46_collagenIV_segmentation_mesh,s3://allencell/aics/emt_timelapse_dataset/data/3500005828_46_collagenIV_segmentation_probability.ome.zarr,https://allencell.s3.amazonaws.com/aics/emt_timelapse_dataset/data/3500005828_46_collagenIV_segmentation_probability.ome.zarr,https://volumeviewer.allencell.org/viewer?url=https%3A%2F%2Fallencell.s3.amazonaws.com%2Faics%2Femt_timelapse_dataset%2Fdata%2F3500005828_46_collagenIV_segmentation_probability.ome.zarr,Bright-field,mEGFP,CollagenIV,RPMI+B27 minus insulin ,,Mon Sep 11 2023,TCZYX,Matrigel at 1:60 in culture media,5uM CHIR in culture media,,,,3D lumenoid EMT,50ms,https://allencell.s3.amazonaws.com/aics/emt_timelapse_dataset/data/3500005828_46_raw_converted.ome.zarr,mEGFP,HIST1H2BJ,Diluted Matrigel + DMEM/F12,s3://allencell/aics/emt_timelapse_dataset/data/3500005828_46_H2B_nuclear_segmentation.ome.zarr,https://allencell.s3.amazonaws.com/aics/emt_timelapse_dataset/data/3500005828_46_H2B_nuclear_segmentation.ome.zarr,https://volumeviewer.allencell.org/viewer?url=https%3A%2F%2Fallencell.s3.amazonaws.com%2Faics%2Femt_timelapse_dataset%2Fdata%2F3500005828_46_H2B_nuclear_segmentation.ome.zarr,3,121,1848,1248,30,Sep 15 2023 13H01,ZSD-2,two days prior to imaging,Lot 118001 ,3500005828_46,20x/0.80,0.271,0.271,2.88,2,3500005828,47,TRUE,histone H2B type 1-J,"https://volumeviewer.allencell.org/viewer?url=https%3A%2F%2Fallencell.s3.amazonaws.com%2Faics%2Femt_timelapse_dataset%2Fdata%2F3500005828_46_raw_converted.ome.zarr,https%3A%2F%2Fallencell.s3.amazonaws.com%2Faics%2Femt_timelapse_dataset%2Fdata%2F3500005828_46_all_cells_mask.ome.zarr,https%3A%2F%2Fallencell.s3.amazonaws.com%2Faics%2Femt_timelapse_dataset%2Fdata%2F3500005828_46_H2B_nuclear_segmentation.ome.zarr,https%3A%2F%2Fallencell.s3.amazonaws.com%2Faics%2Femt_timelapse_dataset%2Fdata%2F3500005828_46_collagenIV_segmentation_probability.ome.zarr&t=24&mode=maxproject&c0=lut:0:autoij,ven:0&c1=lut:0:autoij,ven:1&c2=lut:0:autoij,ven:1,col:bd10e0&c3&c4&c5",s3://allencell/aics/emt_timelapse_dataset/data/3500005828_46_raw_converted.ome.zarr,https://allencell.s3.amazonaws.com/aics/emt_timelapse_dataset/data/3500005828_46_raw_converted.ome.zarr,"https://volumeviewer.allencell.org/viewer?url=https%3A%2F%2Fallencell.s3.amazonaws.com%2Faics%2Femt_timelapse_dataset%2Fdata%2F3500005828_46_raw_converted.ome.zarr&t=24&mode=maxproject&c0=lut:0:autoij,ven:0&c1=lut:0:autoij,ven:1&c2=lut:0:autoij,ven:1,col:bd10e0",46,TRUE,heterochromatin,Sep 15 2023 12H40,30 minutes,,,2D 12H,"Plotting, Determination of migration timing using the basement membrane mesh",E7
3500005828_67_raw_converted,0.77mW,0.8mW,TRUE,TRUE,s3://allencell/aics/emt_timelapse_dataset/data/3500005828_67_all_cells_mask.ome.zarr,https://allencell.s3.amazonaws.com/aics/emt_timelapse_dataset/data/3500005828_67_all_cells_mask.ome.zarr,https://volumeviewer.allencell.org/viewer?url=https%3A%2F%2Fallencell.s3.amazonaws.com%2Faics%2Femt_timelapse_dataset%2Fdata%2F3500005828_67_all_cells_mask.ome.zarr,1x1,"[[ 1.00032919e+00 -1.69748711e-03  1.73339160e+00]
 [ 1.69748711e-03  1.00032919e+00 -1.42422099e+00]
 [ 0.00000000e+00  0.00000000e+00  1.00000000e+00]]",AICS-0061,1,2,0,36,,s3://allencell/aics/emt_timelapse_dataset/data/3500005828_67_collagenIV_segmentation_mesh,s3://allencell/aics/emt_timelapse_dataset/data/3500005828_67_collagenIV_segmentation_probability.ome.zarr,https://allencell.s3.amazonaws.com/aics/emt_timelapse_dataset/data/3500005828_67_collagenIV_segmentation_probability.ome.zarr,https://volumeviewer.allencell.org/viewer?url=https%3A%2F%2Fallencell.s3.amazonaws.com%2Faics%2Femt_timelapse_dataset%2Fdata%2F3500005828_67_collagenIV_segmentation_probability.ome.zarr,Bright-field,mEGFP,CollagenIV,RPMI+B27 minus insulin ,,Mon Sep 11 2023,TCZYX,Matrigel at 1:60 in culture media,5uM CHIR in culture media,,,,3D lumenoid EMT,50ms,https://allencell.s3.amazonaws.com/aics/emt_timelapse_dataset/data/3500005828_67_raw_converted.ome.zarr,mEGFP,HIST1H2BJ,Diluted Matrigel + DMEM/F12,s3://allencell/aics/emt_timelapse_dataset/data/3500005828_67_H2B_nuclear_segmentation.ome.zarr,https://allencell.s3.amazonaws.com/aics/emt_timelapse_dataset/data/3500005828_67_H2B_nuclear_segmentation.ome.zarr,https://volumeviewer.allencell.org/viewer?url=https%3A%2F%2Fallencell.s3.amazonaws.com%2Faics%2Femt_timelapse_dataset%2Fdata%2F3500005828_67_H2B_nuclear_segmentation.ome.zarr,3,121,1848,1248,30,Sep 15 2023 13H01,ZSD-2,two days prior to imaging,Lot 118001 ,3500005828_67,20x/0.80,0.271,0.271,2.88,2,3500005828,71,TRUE,histone H2B type 1-J,"https://volumeviewer.allencell.org/viewer?url=https%3A%2F%2Fallencell.s3.amazonaws.com%2Faics%2Femt_timelapse_dataset%2Fdata%2F3500005828_67_raw_converted.ome.zarr,https%3A%2F%2Fallencell.s3.amazonaws.com%2Faics%2Femt_timelapse_dataset%2Fdata%2F3500005828_67_all_cells_mask.ome.zarr,https%3A%2F%2Fallencell.s3.amazonaws.com%2Faics%2Femt_timelapse_dataset%2Fdata%2F3500005828_67_H2B_nuclear_segmentation.ome.zarr,https%3A%2F%2Fallencell.s3.amazonaws.com%2Faics%2Femt_timelapse_dataset%2Fdata%2F3500005828_67_collagenIV_segmentation_probability.ome.zarr&t=24&mode=maxproject&c0=lut:0:autoij,ven:0&c1=lut:0:autoij,ven:1&c2=lut:0:autoij,ven:1,col:bd10e0&c3&c4&c5",s3://allencell/aics/emt_timelapse_dataset/data/3500005828_67_raw_converted.ome.zarr,https://allencell.s3.amazonaws.com/aics/emt_timelapse_dataset/data/3500005828_67_raw_converted.ome.zarr,"https://volumeviewer.allencell.org/viewer?url=https%3A%2F%2Fallencell.s3.amazonaws.com%2Faics%2Femt_timelapse_dataset%2Fdata%2F3500005828_67_raw_converted.ome.zarr&t=24&mode=maxproject&c0=lut:0:autoij,ven:0&c1=lut:0:autoij,ven:1&c2=lut:0:autoij,ven:1,col:bd10e0",67,TRUE,heterochromatin,Sep 15 2023 12H40,30 minutes,,,2D 12H,"Plotting, Determination of migration timing using the basement membrane mesh",G8
3500005828_70_raw_converted,0.77mW,0.8mW,TRUE,TRUE,s3://allencell/aics/emt_timelapse_dataset/data/3500005828_70_all_cells_mask.ome.zarr,https://allencell.s3.amazonaws.com/aics/emt_timelapse_dataset/data/3500005828_70_all_cells_mask.ome.zarr,https://volumeviewer.allencell.org/viewer?url=https%3A%2F%2Fallencell.s3.amazonaws.com%2Faics%2Femt_timelapse_dataset%2Fdata%2F3500005828_70_all_cells_mask.ome.zarr,1x1,"[[ 1.00032919e+00 -1.69748711e-03  1.73339160e+00]
 [ 1.69748711e-03  1.00032919e+00 -1.42422099e+00]
 [ 0.00000000e+00  0.00000000e+00  1.00000000e+00]]",AICS-0061,1,2,0,36,,s3://allencell/aics/emt_timelapse_dataset/data/3500005828_70_collagenIV_segmentation_mesh,s3://allencell/aics/emt_timelapse_dataset/data/3500005828_70_collagenIV_segmentation_probability.ome.zarr,https://allencell.s3.amazonaws.com/aics/emt_timelapse_dataset/data/3500005828_70_collagenIV_segmentation_probability.ome.zarr,https://volumeviewer.allencell.org/viewer?url=https%3A%2F%2Fallencell.s3.amazonaws.com%2Faics%2Femt_timelapse_dataset%2Fdata%2F3500005828_70_collagenIV_segmentation_probability.ome.zarr,Bright-field,mEGFP,CollagenIV,RPMI+B27 minus insulin ,,Mon Sep 11 2023,TCZYX,Matrigel at 1:60 in culture media,5uM CHIR in culture media,,,,3D lumenoid EMT,50ms,https://allencell.s3.amazonaws.com/aics/emt_timelapse_dataset/data/3500005828_70_raw_converted.ome.zarr,mEGFP,HIST1H2BJ,Diluted Matrigel + DMEM/F12,s3://allencell/aics/emt_timelapse_dataset/data/3500005828_70_H2B_nuclear_segmentation.ome.zarr,https://allencell.s3.amazonaws.com/aics/emt_timelapse_dataset/data/3500005828_70_H2B_nuclear_segmentation.ome.zarr,https://volumeviewer.allencell.org/viewer?url=https%3A%2F%2Fallencell.s3.amazonaws.com%2Faics%2Femt_timelapse_dataset%2Fdata%2F3500005828_70_H2B_nuclear_segmentation.ome.zarr,3,121,1848,1248,30,Sep 15 2023 13H01,ZSD-2,two days prior to imaging,Lot 118001 ,3500005828_70,20x/0.80,0.271,0.271,2.88,2,3500005828,74,TRUE,histone H2B type 1-J,"https://volumeviewer.allencell.org/viewer?url=https%3A%2F%2Fallencell.s3.amazonaws.com%2Faics%2Femt_timelapse_dataset%2Fdata%2F3500005828_70_raw_converted.ome.zarr,https%3A%2F%2Fallencell.s3.amazonaws.com%2Faics%2Femt_timelapse_dataset%2Fdata%2F3500005828_70_all_cells_mask.ome.zarr,https%3A%2F%2Fallencell.s3.amazonaws.com%2Faics%2Femt_timelapse_dataset%2Fdata%2F3500005828_70_H2B_nuclear_segmentation.ome.zarr,https%3A%2F%2Fallencell.s3.amazonaws.com%2Faics%2Femt_timelapse_dataset%2Fdata%2F3500005828_70_collagenIV_segmentation_probability.ome.zarr&t=24&mode=maxproject&c0=lut:0:autoij,ven:0&c1=lut:0:autoij,ven:1&c2=lut:0:autoij,ven:1,col:bd10e0&c3&c4&c5",s3://allencell/aics/emt_timelapse_dataset/data/3500005828_70_raw_converted.ome.zarr,https://allencell.s3.amazonaws.com/aics/emt_timelapse_dataset/data/3500005828_70_raw_converted.ome.zarr,"https://volumeviewer.allencell.org/viewer?url=https%3A%2F%2Fallencell.s3.amazonaws.com%2Faics%2Femt_timelapse_dataset%2Fdata%2F3500005828_70_raw_converted.ome.zarr&t=24&mode=maxproject&c0=lut:0:autoij,ven:0&c1=lut:0:autoij,ven:1&c2=lut:0:autoij,ven:1,col:bd10e0",70,TRUE,heterochromatin,Sep 15 2023 12H40,30 minutes,,,2D 12H,"Plotting, Determination of migration timing using the basement membrane mesh",G7
